Country,Date,Confirmed Cases,New Cases,Confirmed Deaths,New Deaths,Income,Region,Population,year,cpm,dpm,new_cases_per_million,new_deaths_per_million,cases_income,deaths_income,new_cases_income,new_deaths_income,cpm_income,dpm_income,new_cpm_income,new_dpm_income,cases_region,deaths_region,new_cases_region,new_deaths_region,cpm_region,dpm_region,new_cpm_region,new_dpm_region
Afghanistan,2024-04-07,233326,378,7985,,Low income,Eastern Mediterranean Region,40099462,,5818.68155737351,199.129853662376,9.42656038627152,,1940335,43508,383,0,2701.45673262994,60.5745809477556,0.53323674963203,0,23415162,351935,390,0,30752.4316996993,462.215766443712,0.512208643394513,0
Albania,2024-04-07,334863,,3605,,Upper middle income,European Region,2854710,,117301.932595605,1262.82529573932,,,251562960,2823786,22995,75,99831.9735268151,1120.61063837614,9.12549379785129,0.0297635153224113,279053878,2270982,24641,97,299797.180705882,2439.79408533361,26.4726739607383,0.104210436840697
Algeria,2024-04-07,272017,,6881,,Lower middle income,African Region,44177969,,6157.29980705994,155.756368066626,,,91937336,1188067,1196,13,27066.2135197862,349.765138918228,0.35210060219348,0.00382718045862478,9038879,174397,94,0,7774.32319256416,149.998538736232,0.0808492270004977,0
American Samoa,2024-04-07,8359,,34,,High income,Western Pacific Region,45035,,185611.191295659,754.968357943822,,,428639776,2985310,13456,531,344132.652307326,2396.75061854171,10.8031247418517,0.426312369048993,208387789,420736,8469,22,108292.275835348,218.642652645357,4.4010605825352,0.0114326759730516
Andorra,2024-04-07,48015,,159,,High income,European Region,79034,,607523.34438343,2011.79239314725,,,428639776,2985310,13456,531,344132.652307326,2396.75061854171,10.8031247418517,0.426312369048993,279053878,2270982,24641,97,299797.180705882,2439.79408533361,26.4726739607383,0.104210436840697
Angola,2024-04-07,107365,8,1937,,Lower middle income,African Region,34503774,,3111.68859383324,56.1387864411586,0.231858694645983,,91937336,1188067,1196,13,27066.2135197862,349.765138918228,0.35210060219348,0.00382718045862478,9038879,174397,94,0,7774.32319256416,149.998538736232,0.0808492270004977,0
Anguilla,2024-04-07,3904,,12,,,Region of the Americas,15753,,247825.810956643,761.759664825748,,,1213223,3966,0,0,,,,,192811541,3013702,2787,484,187879.043684193,2936.60559307048,2.71570307478557,0.471618330892077
Antigua & Barbuda,2024-04-07,9106,,146,,High income,Region of the Americas,93219,,97683.948551261,1566.20431457106,,,428639776,2985310,13456,531,344132.652307326,2396.75061854171,10.8031247418517,0.426312369048993,192811541,3013702,2787,484,187879.043684193,2936.60559307048,2.71570307478557,0.471618330892077
Argentina,2024-04-07,10130485,242,130847,,Upper middle income,Region of the Americas,45276780,,223745.703647653,2889.93607760976,5.34490306068585,,251562960,2823786,22995,75,99831.9735268151,1120.61063837614,9.12549379785129,0.0297635153224113,192811541,3013702,2787,484,187879.043684193,2936.60559307048,2.71570307478557,0.471618330892077
Armenia,2024-04-07,451831,,8777,,Upper middle income,European Region,2790974,,161890.078517392,3144.78028100584,,,251562960,2823786,22995,75,99831.9735268151,1120.61063837614,9.12549379785129,0.0297635153224113,279053878,2270982,24641,97,299797.180705882,2439.79408533361,26.4726739607383,0.104210436840697
Aruba,2024-04-07,44224,,292,,High income,Region of the Americas,106537,,415104.611543408,2740.83182368567,,,428639776,2985310,13456,531,344132.652307326,2396.75061854171,10.8031247418517,0.426312369048993,192811541,3013702,2787,484,187879.043684193,2936.60559307048,2.71570307478557,0.471618330892077
Australia,2024-04-07,11826879,3880,25035,15,High income,Western Pacific Region,25921089,,456264.742580838,965.815903799412,149.685069172827,0.578679391132062,428639776,2985310,13456,531,344132.652307326,2396.75061854171,10.8031247418517,0.426312369048993,208387789,420736,8469,22,108292.275835348,218.642652645357,4.4010605825352,0.0114326759730516
Austria,2024-04-07,6082341,,22534,,High income,European Region,8922082,,681717.675313901,2525.64367823564,,,428639776,2985310,13456,531,344132.652307326,2396.75061854171,10.8031247418517,0.426312369048993,279053878,2270982,24641,97,299797.180705882,2439.79408533361,26.4726739607383,0.104210436840697
Azerbaijan,2024-04-07,835318,46,10353,,Upper middle income,European Region,10312992,,80996.669055886,1003.87937855474,4.46039325929856,,251562960,2823786,22995,75,99831.9735268151,1120.61063837614,9.12549379785129,0.0297635153224113,279053878,2270982,24641,97,299797.180705882,2439.79408533361,26.4726739607383,0.104210436840697
Bahamas,2024-04-07,38084,,844,,High income,Region of the Americas,407906,,93364.6477374689,2069.10415634975,,,428639776,2985310,13456,531,344132.652307326,2396.75061854171,10.8031247418517,0.426312369048993,192811541,3013702,2787,484,187879.043684193,2936.60559307048,2.71570307478557,0.471618330892077
Bahrain,2024-04-07,696614,,1536,,High income,Eastern Mediterranean Region,1463265,,476068.244644682,1049.70733257476,,,428639776,2985310,13456,531,344132.652307326,2396.75061854171,10.8031247418517,0.426312369048993,23415162,351935,390,0,30752.4316996993,462.215766443712,0.512208643394513,0
Bangladesh,2024-04-07,2049645,126,29493,,Lower middle income,South-East Asia Region,169356251,,12102.5647881164,174.147690598087,0.743993795658597,,91937336,1188067,1196,13,27066.2135197862,349.765138918228,0.35210060219348,0.00382718045862478,61275481,808599,1649,16,29796.3990229396,393.197051420126,0.801858446265439,0.00778031239554095
Barbados,2024-04-07,110587,7,593,,High income,Region of the Americas,281200,,393268.13655761,2108.81934566145,24.8933143669986,,428639776,2985310,13456,531,344132.652307326,2396.75061854171,10.8031247418517,0.426312369048993,192811541,3013702,2787,484,187879.043684193,2936.60559307048,2.71570307478557,0.471618330892077
Belarus,2024-04-07,994037,,7118,,Upper middle income,European Region,9578167,,103781.5481814,743.148454187529,,,251562960,2823786,22995,75,99831.9735268151,1120.61063837614,9.12549379785129,0.0297635153224113,279053878,2270982,24641,97,299797.180705882,2439.79408533361,26.4726739607383,0.104210436840697
Belgium,2024-04-07,4861157,146,34339,,High income,European Region,11611419,,418653.137915357,2957.34741808904,12.5738292623839,,428639776,2985310,13456,531,344132.652307326,2396.75061854171,10.8031247418517,0.426312369048993,279053878,2270982,24641,97,299797.180705882,2439.79408533361,26.4726739607383,0.104210436840697
Belize,2024-04-07,71409,,688,,Upper middle income,Region of the Americas,400031,,178508.665578418,1719.86671032995,,,251562960,2823786,22995,75,99831.9735268151,1120.61063837614,9.12549379785129,0.0297635153224113,192811541,3013702,2787,484,187879.043684193,2936.60559307048,2.71570307478557,0.471618330892077
Benin,2024-04-07,28036,,163,,Lower middle income,African Region,12996895,,2157.1306069642,12.5414570172337,,,91937336,1188067,1196,13,27066.2135197862,349.765138918228,0.35210060219348,0.00382718045862478,9038879,174397,94,0,7774.32319256416,149.998538736232,0.0808492270004977,0
Bermuda,2024-04-07,18860,,165,,High income,Region of the Americas,64185,,293838.124172314,2570.6940874036,,,428639776,2985310,13456,531,344132.652307326,2396.75061854171,10.8031247418517,0.426312369048993,192811541,3013702,2787,484,187879.043684193,2936.60559307048,2.71570307478557,0.471618330892077
Bhutan,2024-04-07,62697,,21,,Lower middle income,South-East Asia Region,777486,,80640.6803466558,27.0101326583373,,,91937336,1188067,1196,13,27066.2135197862,349.765138918228,0.35210060219348,0.00382718045862478,61275481,808599,1649,16,29796.3990229396,393.197051420126,0.801858446265439,0.00778031239554095
Bolivia,2024-04-07,1212131,,22387,,Lower middle income,Region of the Americas,12079472,,100346.35619835,1853.30948240122,,,91937336,1188067,1196,13,27066.2135197862,349.765138918228,0.35210060219348,0.00382718045862478,192811541,3013702,2787,484,187879.043684193,2936.60559307048,2.71570307478557,0.471618330892077
Caribbean Netherlands,2024-04-07,11922,,41,,,Region of the Americas,26706,,446416.535609975,1535.23552759679,,,1213223,3966,0,0,,,,,192811541,3013702,2787,484,187879.043684193,2936.60559307048,2.71570307478557,0.471618330892077
Bosnia & Herzegovina,2024-04-07,403631,4,16388,,Upper middle income,European Region,3270943,,123398.970877817,5010.175964546,1.22288893447547,,251562960,2823786,22995,75,99831.9735268151,1120.61063837614,9.12549379785129,0.0297635153224113,279053878,2270982,24641,97,299797.180705882,2439.79408533361,26.4726739607383,0.104210436840697
Botswana,2024-04-07,330643,,2801,,Upper middle income,African Region,2588423,,127739.167825352,1082.12606672093,,,251562960,2823786,22995,75,99831.9735268151,1120.61063837614,9.12549379785129,0.0297635153224113,9038879,174397,94,0,7774.32319256416,149.998538736232,0.0808492270004977,0
Brazil,2024-04-07,37519960,,702116,,Upper middle income,Region of the Americas,214326223,,175060.053197504,3275.92205084489,,,251562960,2823786,22995,75,99831.9735268151,1120.61063837614,9.12549379785129,0.0297635153224113,192811541,3013702,2787,484,187879.043684193,2936.60559307048,2.71570307478557,0.471618330892077
British Virgin Islands,2024-04-07,7392,,64,,High income,Region of the Americas,31122,,237516.869095817,2056.42310905469,,,428639776,2985310,13456,531,344132.652307326,2396.75061854171,10.8031247418517,0.426312369048993,192811541,3013702,2787,484,187879.043684193,2936.60559307048,2.71570307478557,0.471618330892077
Brunei,2024-04-07,343790,20,178,,High income,Western Pacific Region,445373,,771914.777052044,399.664999898961,44.9061797639282,,428639776,2985310,13456,531,344132.652307326,2396.75061854171,10.8031247418517,0.426312369048993,208387789,420736,8469,22,108292.275835348,218.642652645357,4.4010605825352,0.0114326759730516
Bulgaria,2024-04-07,1329171,,38700,,Upper middle income,European Region,6885868,,193028.823671903,5620.20648667677,,,251562960,2823786,22995,75,99831.9735268151,1120.61063837614,9.12549379785129,0.0297635153224113,279053878,2270982,24641,97,299797.180705882,2439.79408533361,26.4726739607383,0.104210436840697
Burkina Faso,2024-04-07,22120,,400,,Low income,African Region,22100683,,1000.87404538584,18.0989881624925,,,1940335,43508,383,0,2701.45673262994,60.5745809477556,0.53323674963203,0,9038879,174397,94,0,7774.32319256416,149.998538736232,0.0808492270004977,0
Burundi,2024-04-07,54569,,15,,Low income,African Region,12551213,,4347.70726940894,1.19510361269465,,,1940335,43508,383,0,2701.45673262994,60.5745809477556,0.53323674963203,0,9038879,174397,94,0,7774.32319256416,149.998538736232,0.0808492270004977,0
Cape Verde,2024-04-07,64474,,417,,Lower middle income,African Region,587925,,109663.647574095,709.274142109963,,,91937336,1188067,1196,13,27066.2135197862,349.765138918228,0.35210060219348,0.00382718045862478,9038879,174397,94,0,7774.32319256416,149.998538736232,0.0808492270004977,0
Cambodia,2024-04-07,139102,2,3056,,Lower middle income,Western Pacific Region,16589023,,8385.18338301176,184.21820260301,0.120561650918201,,91937336,1188067,1196,13,27066.2135197862,349.765138918228,0.35210060219348,0.00382718045862478,208387789,420736,8469,22,108292.275835348,218.642652645357,4.4010605825352,0.0114326759730516
Cameroon,2024-04-07,125146,,1974,,Lower middle income,African Region,27198628,,4601.1879716874,72.5771902906279,,,91937336,1188067,1196,13,27066.2135197862,349.765138918228,0.35210060219348,0.00382718045862478,9038879,174397,94,0,7774.32319256416,149.998538736232,0.0808492270004977,0
Canada,2024-04-07,4788109,974,54262,1,High income,Region of the Americas,38155012,,125490.95778033,1422.14606039175,25.5274457782899,0.0262088765690861,428639776,2985310,13456,531,344132.652307326,2396.75061854171,10.8031247418517,0.426312369048993,192811541,3013702,2787,484,187879.043684193,2936.60559307048,2.71570307478557,0.471618330892077
Cayman Islands,2024-04-07,31472,,37,,High income,Region of the Americas,68136,,461899.729951861,543.031583891042,,,428639776,2985310,13456,531,344132.652307326,2396.75061854171,10.8031247418517,0.426312369048993,192811541,3013702,2787,484,187879.043684193,2936.60559307048,2.71570307478557,0.471618330892077
Central African Republic,2024-04-07,15440,,113,,Low income,African Region,5457154,,2829.31359459528,20.7067640018955,,,1940335,43508,383,0,2701.45673262994,60.5745809477556,0.53323674963203,0,9038879,174397,94,0,7774.32319256416,149.998538736232,0.0808492270004977,0
Chad,2024-04-07,7702,,194,,Low income,African Region,17179740,,448.318775487871,11.2923711301801,,,1940335,43508,383,0,2701.45673262994,60.5745809477556,0.53323674963203,0,9038879,174397,94,0,7774.32319256416,149.998538736232,0.0808492270004977,0
Charo,2024-04-07,29,,0,,,,,,,,,,1213223,3966,0,0,,,,,1310900,4286,0,0,,,,
Chefoo,2024-04-07,5,,0,,,,,,,,,,1213223,3966,0,0,,,,,1310900,4286,0,0,,,,
Chile,2024-04-07,5398653,1215,62611,25,High income,Region of the Americas,19493184,,276950.804958287,3211.94321050886,62.3294788578408,1.28249956497615,428639776,2985310,13456,531,344132.652307326,2396.75061854171,10.8031247418517,0.426312369048993,192811541,3013702,2787,484,187879.043684193,2936.60559307048,2.71570307478557,0.471618330892077
China,2024-04-07,99348816,1368,122121,,Upper middle income,Western Pacific Region,1425893465,,69674.7817691976,85.6452483986944,0.959398463895758,,251562960,2823786,22995,75,99831.9735268151,1120.61063837614,9.12549379785129,0.0297635153224113,208387789,420736,8469,22,108292.275835348,218.642652645357,4.4010605825352,0.0114326759730516
Colombia,2024-04-07,6384735,160,142727,,Upper middle income,Region of the Americas,51516562,,123935.580173227,2770.50708469249,3.10579731621066,,251562960,2823786,22995,75,99831.9735268151,1120.61063837614,9.12549379785129,0.0297635153224113,192811541,3013702,2787,484,187879.043684193,2936.60559307048,2.71570307478557,0.471618330892077
Comoros,2024-04-07,9109,,160,,Lower middle income,African Region,821625,,11086.5662558953,194.736041381409,,,91937336,1188067,1196,13,27066.2135197862,349.765138918228,0.35210060219348,0.00382718045862478,9038879,174397,94,0,7774.32319256416,149.998538736232,0.0808492270004977,0
Congo - Brazzaville,2024-04-07,25217,1,389,,Lower middle income,African Region,5835806,,4321.08264051272,66.6574591410338,0.171355936095203,,91937336,1188067,1196,13,27066.2135197862,349.765138918228,0.35210060219348,0.00382718045862478,9038879,174397,94,0,7774.32319256416,149.998538736232,0.0808492270004977,0
Cook Islands,2024-04-07,7324,,2,,,Western Pacific Region,17003,,430747.515144386,117.626301240957,,,1213223,3966,0,0,,,,,208387789,420736,8469,22,108292.275835348,218.642652645357,4.4010605825352,0.0114326759730516
Costa Rica,2024-04-07,1230653,,9368,,Upper middle income,Region of the Americas,5153957,,238778.282395449,1817.63254912682,,,251562960,2823786,22995,75,99831.9735268151,1120.61063837614,9.12549379785129,0.0297635153224113,192811541,3013702,2787,484,187879.043684193,2936.60559307048,2.71570307478557,0.471618330892077
Côte d’Ivoire,2024-04-07,88408,5,835,,Lower middle income,African Region,27478249,,3217.38113662192,30.3876713541682,0.181962103917175,,91937336,1188067,1196,13,27066.2135197862,349.765138918228,0.35210060219348,0.00382718045862478,9038879,174397,94,0,7774.32319256416,149.998538736232,0.0808492270004977,0
Croatia,2024-04-07,1316817,32,18751,,High income,European Region,4060135,,324328.378243581,4618.31934159825,7.88151132905679,,428639776,2985310,13456,531,344132.652307326,2396.75061854171,10.8031247418517,0.426312369048993,279053878,2270982,24641,97,299797.180705882,2439.79408533361,26.4726739607383,0.104210436840697
Cuba,2024-04-07,1115043,,8530,,Upper middle income,Region of the Americas,11256372,,99058.8264140524,757.793008262342,,,251562960,2823786,22995,75,99831.9735268151,1120.61063837614,9.12549379785129,0.0297635153224113,192811541,3013702,2787,484,187879.043684193,2936.60559307048,2.71570307478557,0.471618330892077
Curaçao,2024-04-07,45883,,305,,High income,Region of the Americas,190338,,241060.639493953,1602.41255030525,,,428639776,2985310,13456,531,344132.652307326,2396.75061854171,10.8031247418517,0.426312369048993,192811541,3013702,2787,484,187879.043684193,2936.60559307048,2.71570307478557,0.471618330892077
Cyprus,2024-04-07,690791,83,1367,,High income,European Region,1244188,,555214.324523304,1098.70855529872,66.7101756326214,,428639776,2985310,13456,531,344132.652307326,2396.75061854171,10.8031247418517,0.426312369048993,279053878,2270982,24641,97,299797.180705882,2439.79408533361,26.4726739607383,0.104210436840697
Czechia,2024-04-07,4759041,87,43503,,High income,European Region,10510751,,452778.398042157,4138.90501259139,8.27723918110133,,428639776,2985310,13456,531,344132.652307326,2396.75061854171,10.8031247418517,0.426312369048993,279053878,2270982,24641,97,299797.180705882,2439.79408533361,26.4726739607383,0.104210436840697
North Korea,2024-04-07,0,,0,,Low income,South-East Asia Region,25971909,,0,0,,,1940335,43508,383,0,2701.45673262994,60.5745809477556,0.53323674963203,0,61275481,808599,1649,16,29796.3990229396,393.197051420126,0.801858446265439,0.00778031239554095
Congo - Kinshasa,2024-04-07,99338,,1468,,Low income,African Region,95894118,,1035.91338104804,15.3085510416812,,,1940335,43508,383,0,2701.45673262994,60.5745809477556,0.53323674963203,0,9038879,174397,94,0,7774.32319256416,149.998538736232,0.0808492270004977,0
Denmark,2024-04-07,3434777,,9653,,High income,European Region,5854240,,586716.12369838,1648.89037688923,,,428639776,2985310,13456,531,344132.652307326,2396.75061854171,10.8031247418517,0.426312369048993,279053878,2270982,24641,97,299797.180705882,2439.79408533361,26.4726739607383,0.104210436840697
Diamond,2024-04-07,712,,13,,,,,,,,,,1213223,3966,0,0,,,,,1310900,4286,0,0,,,,
Djibouti,2024-04-07,15690,,189,,Lower middle income,Eastern Mediterranean Region,1105557,,14191.9412567602,170.954550511643,,,91937336,1188067,1196,13,27066.2135197862,349.765138918228,0.35210060219348,0.00382718045862478,23415162,351935,390,0,30752.4316996993,462.215766443712,0.512208643394513,0
Dominica,2024-04-07,16047,,74,,Upper middle income,Region of the Americas,72412,,221606.915980777,1021.93006683975,,,251562960,2823786,22995,75,99831.9735268151,1120.61063837614,9.12549379785129,0.0297635153224113,192811541,3013702,2787,484,187879.043684193,2936.60559307048,2.71570307478557,0.471618330892077
Dominican Republic,2024-04-07,661181,,4384,,Upper middle income,Region of the Americas,11117873,,59470.0982822883,394.320028660158,,,251562960,2823786,22995,75,99831.9735268151,1120.61063837614,9.12549379785129,0.0297635153224113,192811541,3013702,2787,484,187879.043684193,2936.60559307048,2.71570307478557,0.471618330892077
Ecuador,2024-04-07,1075864,185,36048,1,Upper middle income,Region of the Americas,17797737,,60449.4829876405,2025.42604152427,10.3945799401351,0.0561869185953248,251562960,2823786,22995,75,99831.9735268151,1120.61063837614,9.12549379785129,0.0297635153224113,192811541,3013702,2787,484,187879.043684193,2936.60559307048,2.71570307478557,0.471618330892077
Egypt,2024-04-07,516023,,24830,,Lower middle income,Eastern Mediterranean Region,109262178,,4722.79620858372,227.251556343678,,,91937336,1188067,1196,13,27066.2135197862,349.765138918228,0.35210060219348,0.00382718045862478,23415162,351935,390,0,30752.4316996993,462.215766443712,0.512208643394513,0
El Salvador,2024-04-07,201864,,4230,,Upper middle income,Region of the Americas,6314167,,31970.0128298792,669.922097404139,,,251562960,2823786,22995,75,99831.9735268151,1120.61063837614,9.12549379785129,0.0297635153224113,192811541,3013702,2787,484,187879.043684193,2936.60559307048,2.71570307478557,0.471618330892077
Equatorial Guinea,2024-04-07,17130,,183,,Upper middle income,African Region,1634466,,10480.4872049954,111.963173293296,,,251562960,2823786,22995,75,99831.9735268151,1120.61063837614,9.12549379785129,0.0297635153224113,9038879,174397,94,0,7774.32319256416,149.998538736232,0.0808492270004977,0
Eritrea,2024-04-07,10189,,103,,Low income,African Region,3620312,,2814.39831705113,28.4505865792783,,,1940335,43508,383,0,2701.45673262994,60.5745809477556,0.53323674963203,0,9038879,174397,94,0,7774.32319256416,149.998538736232,0.0808492270004977,0
Estonia,2024-04-07,610320,26,2998,1,High income,European Region,1328701,,459335.847568415,2256.33908606978,19.5679840686505,0.752614771871173,428639776,2985310,13456,531,344132.652307326,2396.75061854171,10.8031247418517,0.426312369048993,279053878,2270982,24641,97,299797.180705882,2439.79408533361,26.4726739607383,0.104210436840697
Eswatini,2024-04-07,75191,,1427,,Lower middle income,African Region,1192271,,63065.3601404379,1196.87554255702,,,91937336,1188067,1196,13,27066.2135197862,349.765138918228,0.35210060219348,0.00382718045862478,9038879,174397,94,0,7774.32319256416,149.998538736232,0.0808492270004977,0
Ethiopia,2024-04-07,501158,,7574,,Low income,African Region,120283026,,4166.48979216735,62.968153129104,,,1940335,43508,383,0,2701.45673262994,60.5745809477556,0.53323674963203,0,9038879,174397,94,0,7774.32319256416,149.998538736232,0.0808492270004977,0
Falkland Islands,2024-04-07,1923,,0,,,,3764,,510892.667375133,0,,,1213223,3966,0,0,,,,,1310900,4286,0,0,,,,
Faroe Islands,2024-04-07,34658,,28,,High income,,52889,,655296.942653482,529.410652498629,,,428639776,2985310,13456,531,344132.652307326,2396.75061854171,10.8031247418517,0.426312369048993,1310900,4286,0,0,,,,
Fesco,2024-04-07,4,,0,,,,,,,,,,1213223,3966,0,0,,,,,1310900,4286,0,0,,,,
Fiji,2024-04-07,69047,,885,,Upper middle income,Western Pacific Region,924610,,74676.890797201,957.160316241442,,,251562960,2823786,22995,75,99831.9735268151,1120.61063837614,9.12549379785129,0.0297635153224113,208387789,420736,8469,22,108292.275835348,218.642652645357,4.4010605825352,0.0114326759730516
Finland,2024-04-07,1499712,,11466,,High income,European Region,5535992,,270902.125581106,2071.17351325652,,,428639776,2985310,13456,531,344132.652307326,2396.75061854171,10.8031247418517,0.426312369048993,279053878,2270982,24641,97,299797.180705882,2439.79408533361,26.4726739607383,0.104210436840697
France,2024-04-07,38997490,,168091,,High income,European Region,64531444,,604317.640869775,2604.79216922529,,,428639776,2985310,13456,531,344132.652307326,2396.75061854171,10.8031247418517,0.426312369048993,279053878,2270982,24641,97,299797.180705882,2439.79408533361,26.4726739607383,0.104210436840697
French Guiana,2024-04-07,98041,,413,,,,297449,,329606.083732001,1388.47331811504,,,1213223,3966,0,0,,,,,1310900,4286,0,0,,,,
French Polynesia,2024-04-07,79301,,650,,High income,Western Pacific Region,304032,,260831.09672666,2137.93284917377,,,428639776,2985310,13456,531,344132.652307326,2396.75061854171,10.8031247418517,0.426312369048993,208387789,420736,8469,22,108292.275835348,218.642652645357,4.4010605825352,0.0114326759730516
Gabon,2024-04-07,49051,,307,,Upper middle income,African Region,2341179,,20951.4095248591,131.130511592663,,,251562960,2823786,22995,75,99831.9735268151,1120.61063837614,9.12549379785129,0.0297635153224113,9038879,174397,94,0,7774.32319256416,149.998538736232,0.0808492270004977,0
Gambia,2024-04-07,12626,,372,,Low income,African Region,2639916,,4782.72793528279,140.913574522826,,,1940335,43508,383,0,2701.45673262994,60.5745809477556,0.53323674963203,0,9038879,174397,94,0,7774.32319256416,149.998538736232,0.0808492270004977,0
Georgia,2024-04-07,1862669,172,17132,,Upper middle income,European Region,3757980,,495656.975289916,4558.83213854252,45.7692696608284,,251562960,2823786,22995,75,99831.9735268151,1120.61063837614,9.12549379785129,0.0297635153224113,279053878,2270982,24641,97,299797.180705882,2439.79408533361,26.4726739607383,0.104210436840697
Germany,2024-04-07,38437756,,174979,,High income,European Region,83408554,,460837.09831488,2097.85437594326,,,428639776,2985310,13456,531,344132.652307326,2396.75061854171,10.8031247418517,0.426312369048993,279053878,2270982,24641,97,299797.180705882,2439.79408533361,26.4726739607383,0.104210436840697
Ghana,2024-04-07,171907,32,1462,,Lower middle income,African Region,32833031,,5235.79440472614,44.5283288040023,0.974628263835891,,91937336,1188067,1196,13,27066.2135197862,349.765138918228,0.35210060219348,0.00382718045862478,9038879,174397,94,0,7774.32319256416,149.998538736232,0.0808492270004977,0
Gibraltar,2024-04-07,20550,,113,,High income,,32669,,629036.7014601,3458.93660656892,,,428639776,2985310,13456,531,344132.652307326,2396.75061854171,10.8031247418517,0.426312369048993,1310900,4286,0,0,,,,
Greece,2024-04-07,5629524,996,38991,5,High income,European Region,10445365,,538949.476633895,3732.8518438561,95.3532978502905,0.478681214107884,428639776,2985310,13456,531,344132.652307326,2396.75061854171,10.8031247418517,0.426312369048993,279053878,2270982,24641,97,299797.180705882,2439.79408533361,26.4726739607383,0.104210436840697
Greenland,2024-04-07,11971,,21,,High income,European Region,56243,,212844.265064097,373.379798374909,,,428639776,2985310,13456,531,344132.652307326,2396.75061854171,10.8031247418517,0.426312369048993,279053878,2270982,24641,97,299797.180705882,2439.79408533361,26.4726739607383,0.104210436840697
Grenada,2024-04-07,19693,,238,,Upper middle income,Region of the Americas,124610,,158037.075676109,1909.95907230559,,,251562960,2823786,22995,75,99831.9735268151,1120.61063837614,9.12549379785129,0.0297635153224113,192811541,3013702,2787,484,187879.043684193,2936.60559307048,2.71570307478557,0.471618330892077
Guadeloupe,2024-04-07,203235,,1021,,,,396051,,513153.609004901,2577.95081946517,,,1213223,3966,0,0,,,,,1310900,4286,0,0,,,,
Guam,2024-04-07,52287,,419,,High income,Western Pacific Region,170534,,306607.480033307,2456.98804930395,,,428639776,2985310,13456,531,344132.652307326,2396.75061854171,10.8031247418517,0.426312369048993,208387789,420736,8469,22,108292.275835348,218.642652645357,4.4010605825352,0.0114326759730516
Guatemala,2024-04-07,1250338,,20202,,Upper middle income,Region of the Americas,17608483,,71007.7069103568,1147.28792934633,,,251562960,2823786,22995,75,99831.9735268151,1120.61063837614,9.12549379785129,0.0297635153224113,192811541,3013702,2787,484,187879.043684193,2936.60559307048,2.71570307478557,0.471618330892077
Guernsey,2024-04-07,35326,,67,,,,63065,,560152.22389598,1062.39594069611,,,1213223,3966,0,0,,,,,1310900,4286,0,0,,,,
Guinea,2024-04-07,38572,,468,,Lower middle income,African Region,13531906,,2850.44841428842,34.5849283907234,,,91937336,1188067,1196,13,27066.2135197862,349.765138918228,0.35210060219348,0.00382718045862478,9038879,174397,94,0,7774.32319256416,149.998538736232,0.0808492270004977,0
Guinea-Bissau,2024-04-07,9614,,177,,Low income,African Region,2060721,,4665.35741616648,85.8922678033562,,,1940335,43508,383,0,2701.45673262994,60.5745809477556,0.53323674963203,0,9038879,174397,94,0,7774.32319256416,149.998538736232,0.0808492270004977,0
Guyana,2024-04-07,74099,,1301,,High income,Region of the Americas,804567,,92097.9856245658,1617.01884367616,,,428639776,2985310,13456,531,344132.652307326,2396.75061854171,10.8031247418517,0.426312369048993,192811541,3013702,2787,484,187879.043684193,2936.60559307048,2.71570307478557,0.471618330892077
Haiti,2024-04-07,34298,,860,,Lower middle income,Region of the Americas,11447569,,2996.09462934882,75.1251204513378,,,91937336,1188067,1196,13,27066.2135197862,349.765138918228,0.35210060219348,0.00382718045862478,192811541,3013702,2787,484,187879.043684193,2936.60559307048,2.71570307478557,0.471618330892077
Vatican City,2024-04-07,26,,0,,,,511,,50880.626223092,0,,,1213223,3966,0,0,,,,,1310900,4286,0,0,,,,
Honduras,2024-04-07,472785,,11114,,Lower middle income,Region of the Americas,10278345,,45998.1641013218,1081.30248595469,,,91937336,1188067,1196,13,27066.2135197862,349.765138918228,0.35210060219348,0.00382718045862478,192811541,3013702,2787,484,187879.043684193,2936.60559307048,2.71570307478557,0.471618330892077
Hungary,2024-04-07,2230312,19,49051,2,High income,European Region,9709786,,229697.338334748,5051.70762774792,1.95678874900024,0.205977763052656,428639776,2985310,13456,531,344132.652307326,2396.75061854171,10.8031247418517,0.426312369048993,279053878,2270982,24641,97,299797.180705882,2439.79408533361,26.4726739607383,0.104210436840697
Iceland,2024-04-07,209915,,186,,High income,European Region,370335,,566824.631752332,502.247964680627,,,428639776,2985310,13456,531,344132.652307326,2396.75061854171,10.8031247418517,0.426312369048993,279053878,2270982,24641,97,299797.180705882,2439.79408533361,26.4726739607383,0.104210436840697
Kiribati,2024-04-07,2,,0,,Lower middle income,,128874,,15.5190340953179,0,,,91937336,1188067,1196,13,27066.2135197862,349.765138918228,0.35210060219348,0.00382718045862478,1310900,4286,0,0,,,,
Vanuatu,2024-04-07,12,,0,,Lower middle income,,319137,,37.6014062925953,0,,,91937336,1188067,1196,13,27066.2135197862,349.765138918228,0.35210060219348,0.00382718045862478,1310900,4286,0,0,,,,
India,2024-04-07,45035055,695,533565,13,Lower middle income,South-East Asia Region,1407563842,,31995.0354337107,379.069839732357,0.493760907507029,0.0092358155361027,91937336,1188067,1196,13,27066.2135197862,349.765138918228,0.35210060219348,0.00382718045862478,61275481,808599,1649,16,29796.3990229396,393.197051420126,0.801858446265439,0.00778031239554095
Indonesia,2024-04-07,6828957,15,162056,,Upper middle income,South-East Asia Region,273753191,,24945.6708616047,591.97848765898,0.0547938818364313,,251562960,2823786,22995,75,99831.9735268151,1120.61063837614,9.12549379785129,0.0297635153224113,61275481,808599,1649,16,29796.3990229396,393.197051420126,0.801858446265439,0.00778031239554095
Iran,2024-04-07,7627186,,146811,,Lower middle income,Eastern Mediterranean Region,87923432,,86748.0468687801,1669.75966088312,,,91937336,1188067,1196,13,27066.2135197862,349.765138918228,0.35210060219348,0.00382718045862478,23415162,351935,390,0,30752.4316996993,462.215766443712,0.512208643394513,0
Iraq,2024-04-07,2465545,,25375,,Upper middle income,Eastern Mediterranean Region,43533592,,56635.4598076814,582.883213496373,,,251562960,2823786,22995,75,99831.9735268151,1120.61063837614,9.12549379785129,0.0297635153224113,23415162,351935,390,0,30752.4316996993,462.215766443712,0.512208643394513,0
Ireland,2024-04-07,1735294,145,9580,1,High income,European Region,4986526,,347996.581186983,1921.177188287,29.078360365513,0.200540416313883,428639776,2985310,13456,531,344132.652307326,2396.75061854171,10.8031247418517,0.426312369048993,279053878,2270982,24641,97,299797.180705882,2439.79408533361,26.4726739607383,0.104210436840697
Isle of Man,2024-04-07,38008,,116,,High income,,84263,,451063.930788128,1376.64217984169,,,428639776,2985310,13456,531,344132.652307326,2396.75061854171,10.8031247418517,0.426312369048993,1310900,4286,0,0,,,,
Israel,2024-04-07,4841558,,12707,,High income,European Region,8900059,,543991.674661932,1427.74334417334,,,428639776,2985310,13456,531,344132.652307326,2396.75061854171,10.8031247418517,0.426312369048993,279053878,2270982,24641,97,299797.180705882,2439.79408533361,26.4726739607383,0.104210436840697
Italy,2024-04-07,26719139,151,196910,,High income,European Region,59240329,,451029.551169441,3323.91806939492,2.54893925386539,,428639776,2985310,13456,531,344132.652307326,2396.75061854171,10.8031247418517,0.426312369048993,279053878,2270982,24641,97,299797.180705882,2439.79408533361,26.4726739607383,0.104210436840697
Jamaica,2024-04-07,156806,,3597,,Upper middle income,Region of the Americas,2827695,,55453.6468749282,1272.06081278214,,,251562960,2823786,22995,75,99831.9735268151,1120.61063837614,9.12549379785129,0.0297635153224113,192811541,3013702,2787,484,187879.043684193,2936.60559307048,2.71570307478557,0.471618330892077
Japan,2024-04-07,33803572,,74694,,High income,Western Pacific Region,124612530,,271269.446178486,599.410027225994,,,428639776,2985310,13456,531,344132.652307326,2396.75061854171,10.8031247418517,0.426312369048993,208387789,420736,8469,22,108292.275835348,218.642652645357,4.4010605825352,0.0114326759730516
Jersey,2024-04-07,66391,,161,,,,109618,,605657.829918444,1468.7368862778,,,1213223,3966,0,0,,,,,1310900,4286,0,0,,,,
Jordan,2024-04-07,1746997,,14122,,Lower middle income,Eastern Mediterranean Region,11148278,,156705.546811804,1266.74272026586,,,91937336,1188067,1196,13,27066.2135197862,349.765138918228,0.35210060219348,0.00382718045862478,23415162,351935,390,0,30752.4316996993,462.215766443712,0.512208643394513,0
Kazakhstan,2024-04-07,1503687,,19072,,Upper middle income,European Region,19196465,,78331.4532128702,993.516254164504,,,251562960,2823786,22995,75,99831.9735268151,1120.61063837614,9.12549379785129,0.0297635153224113,279053878,2270982,24641,97,299797.180705882,2439.79408533361,26.4726739607383,0.104210436840697
Kenya,2024-04-07,344101,,5689,,Lower middle income,African Region,53005614,,6491.78405894893,107.328253946837,,,91937336,1188067,1196,13,27066.2135197862,349.765138918228,0.35210060219348,0.00382718045862478,9038879,174397,94,0,7774.32319256416,149.998538736232,0.0808492270004977,0
Kiribati,2024-04-07,5085,,24,,Lower middle income,Western Pacific Region,128874,,39457.1441873458,186.228409143815,,,91937336,1188067,1196,13,27066.2135197862,349.765138918228,0.35210060219348,0.00382718045862478,208387789,420736,8469,22,108292.275835348,218.642652645357,4.4010605825352,0.0114326759730516
Kosovo,2024-04-07,274279,,3212,,Upper middle income,European Region,1662009,,165028.588894525,1932.60084632514,,,251562960,2823786,22995,75,99831.9735268151,1120.61063837614,9.12549379785129,0.0297635153224113,279053878,2270982,24641,97,299797.180705882,2439.79408533361,26.4726739607383,0.104210436840697
Kuwait,2024-04-07,667193,8,2570,,High income,Eastern Mediterranean Region,4250114,,156982.377413876,604.689662441996,1.88230245118131,,428639776,2985310,13456,531,344132.652307326,2396.75061854171,10.8031247418517,0.426312369048993,23415162,351935,390,0,30752.4316996993,462.215766443712,0.512208643394513,0
Kyrgyzstan,2024-04-07,88953,,1024,,Lower middle income,European Region,6527743,,13626.9151527565,156.868920850591,,,91937336,1188067,1196,13,27066.2135197862,349.765138918228,0.35210060219348,0.00382718045862478,279053878,2270982,24641,97,299797.180705882,2439.79408533361,26.4726739607383,0.104210436840697
Laos,2024-04-07,218967,5,671,,Lower middle income,Western Pacific Region,7425057,,29490.2786604871,90.3696766233579,0.673395503899835,,91937336,1188067,1196,13,27066.2135197862,349.765138918228,0.35210060219348,0.00382718045862478,208387789,420736,8469,22,108292.275835348,218.642652645357,4.4010605825352,0.0114326759730516
Latvia,2024-04-07,977701,,7465,,High income,European Region,1873919,,521741.334604111,3983.63002883262,,,428639776,2985310,13456,531,344132.652307326,2396.75061854171,10.8031247418517,0.426312369048993,279053878,2270982,24641,97,299797.180705882,2439.79408533361,26.4726739607383,0.104210436840697
Lebanon,2024-04-07,1239904,,10947,,Lower middle income,Eastern Mediterranean Region,5592631,,221703.166184216,1957.39715350432,,,91937336,1188067,1196,13,27066.2135197862,349.765138918228,0.35210060219348,0.00382718045862478,23415162,351935,390,0,30752.4316996993,462.215766443712,0.512208643394513,0
Lesotho,2024-04-07,36138,,709,,Lower middle income,African Region,2281454,,15839.8985909863,310.766730339512,,,91937336,1188067,1196,13,27066.2135197862,349.765138918228,0.35210060219348,0.00382718045862478,9038879,174397,94,0,7774.32319256416,149.998538736232,0.0808492270004977,0
Liberia,2024-04-07,7930,,294,,Low income,African Region,5193416,,1526.93333251178,56.6101386832867,,,1940335,43508,383,0,2701.45673262994,60.5745809477556,0.53323674963203,0,9038879,174397,94,0,7774.32319256416,149.998538736232,0.0808492270004977,0
Libya,2024-04-07,507269,,6437,,Upper middle income,Eastern Mediterranean Region,6735277,,75315.2394474645,955.714219326095,,,251562960,2823786,22995,75,99831.9735268151,1120.61063837614,9.12549379785129,0.0297635153224113,23415162,351935,390,0,30752.4316996993,462.215766443712,0.512208643394513,0
Liechtenstein,2024-04-07,21575,,89,,High income,,39039,,552652.475729399,2279.77151054074,,,428639776,2985310,13456,531,344132.652307326,2396.75061854171,10.8031247418517,0.426312369048993,1310900,4286,0,0,,,,
Lithuania,2024-04-07,1365905,122,9802,,High income,European Region,2786651,,490160.052335223,3517.48389016063,43.7801504386448,,428639776,2985310,13456,531,344132.652307326,2396.75061854171,10.8031247418517,0.426312369048993,279053878,2270982,24641,97,299797.180705882,2439.79408533361,26.4726739607383,0.104210436840697
Luxembourg,2024-04-07,391281,11,1000,,High income,European Region,639321,,612025.883711,1564.15947544348,17.2057542298783,,428639776,2985310,13456,531,344132.652307326,2396.75061854171,10.8031247418517,0.426312369048993,279053878,2270982,24641,97,299797.180705882,2439.79408533361,26.4726739607383,0.104210436840697
Madagascar,2024-04-07,68493,,1426,,Low income,African Region,28915653,,2368.71704055931,49.3158497924982,,,1940335,43508,383,0,2701.45673262994,60.5745809477556,0.53323674963203,0,9038879,174397,94,0,7774.32319256416,149.998538736232,0.0808492270004977,0
Malawi,2024-04-07,89168,,2686,,Low income,African Region,19889742,,4483.11496448773,135.04448675101,,,1940335,43508,383,0,2701.45673262994,60.5745809477556,0.53323674963203,0,9038879,174397,94,0,7774.32319256416,149.998538736232,0.0808492270004977,0
Malaysia,2024-04-07,5278406,,37348,,Upper middle income,Western Pacific Region,33573874,,157217.662757655,1112.41258604831,,,251562960,2823786,22995,75,99831.9735268151,1120.61063837614,9.12549379785129,0.0297635153224113,208387789,420736,8469,22,108292.275835348,218.642652645357,4.4010605825352,0.0114326759730516
Maldives,2024-04-07,186694,,316,,Upper middle income,South-East Asia Region,521457,,358023.768019223,605.994358115818,,,251562960,2823786,22995,75,99831.9735268151,1120.61063837614,9.12549379785129,0.0297635153224113,61275481,808599,1649,16,29796.3990229396,393.197051420126,0.801858446265439,0.00778031239554095
Mali,2024-04-07,33164,,743,,Low income,African Region,21904983,,1513.99341419256,33.9192228544528,,,1940335,43508,383,0,2701.45673262994,60.5745809477556,0.53323674963203,0,9038879,174397,94,0,7774.32319256416,149.998538736232,0.0808492270004977,0
Malta,2024-04-07,121410,1,905,,High income,European Region,526748,,230489.721840425,1718.08910522679,1.89844100025059,,428639776,2985310,13456,531,344132.652307326,2396.75061854171,10.8031247418517,0.426312369048993,279053878,2270982,24641,97,299797.180705882,2439.79408533361,26.4726739607383,0.104210436840697
Marshall Islands,2024-04-07,16178,,17,,Upper middle income,Western Pacific Region,42050,,384732.461355529,404.280618311534,,,251562960,2823786,22995,75,99831.9735268151,1120.61063837614,9.12549379785129,0.0297635153224113,208387789,420736,8469,22,108292.275835348,218.642652645357,4.4010605825352,0.0114326759730516
Martinique,2024-04-07,230354,,1104,,,,368796,,624610.895996703,2993.52487554095,,,1213223,3966,0,0,,,,,1310900,4286,0,0,,,,
Mauritania,2024-04-07,63848,,997,,Lower middle income,African Region,4614974,,13834.9641839802,216.035886659383,,,91937336,1188067,1196,13,27066.2135197862,349.765138918228,0.35210060219348,0.00382718045862478,9038879,174397,94,0,7774.32319256416,149.998538736232,0.0808492270004977,0
Mauritius,2024-04-07,327305,,1070,,Upper middle income,African Region,1298915,,251983.386133812,823.764449559825,,,251562960,2823786,22995,75,99831.9735268151,1120.61063837614,9.12549379785129,0.0297635153224113,9038879,174397,94,0,7774.32319256416,149.998538736232,0.0808492270004977,0
Mayotte,2024-04-07,42027,,187,,,,316014,,132990.943439215,591.745935306664,,,1213223,3966,0,0,,,,,1310900,4286,0,0,,,,
Mexico,2024-04-07,7709747,,335011,,Upper middle income,Region of the Americas,126705138,,60847.9428829477,2644.02063947872,,,251562960,2823786,22995,75,99831.9735268151,1120.61063837614,9.12549379785129,0.0297635153224113,192811541,3013702,2787,484,187879.043684193,2936.60559307048,2.71570307478557,0.471618330892077
Micronesia (Federated States of),2024-04-07,26547,,65,,Lower middle income,Western Pacific Region,113131,,234657.16735466,574.55516171518,,,91937336,1188067,1196,13,27066.2135197862,349.765138918228,0.35210060219348,0.00382718045862478,208387789,420736,8469,22,108292.275835348,218.642652645357,4.4010605825352,0.0114326759730516
Monaco,2024-04-07,17181,,67,,High income,European Region,36686,,468325.791855204,1826.30976394265,,,428639776,2985310,13456,531,344132.652307326,2396.75061854171,10.8031247418517,0.426312369048993,279053878,2270982,24641,97,299797.180705882,2439.79408533361,26.4726739607383,0.104210436840697
Mongolia,2024-04-07,1011526,9,2284,,Lower middle income,Western Pacific Region,3347782,,302148.108807563,682.242750573365,2.68834709070065,,91937336,1188067,1196,13,27066.2135197862,349.765138918228,0.35210060219348,0.00382718045862478,208387789,420736,8469,22,108292.275835348,218.642652645357,4.4010605825352,0.0114326759730516
Montenegro,2024-04-07,251280,,2654,,Upper middle income,European Region,627859,,400217.246228851,4227.06371972051,,,251562960,2823786,22995,75,99831.9735268151,1120.61063837614,9.12549379785129,0.0297635153224113,279053878,2270982,24641,97,299797.180705882,2439.79408533361,26.4726739607383,0.104210436840697
Montserrat,2024-04-07,1403,,8,,,Region of the Americas,4417,,317636.404799638,1811.18406158026,,,1213223,3966,0,0,,,,,192811541,3013702,2787,484,187879.043684193,2936.60559307048,2.71570307478557,0.471618330892077
Morocco,2024-04-07,1279028,4,16304,,Lower middle income,Eastern Mediterranean Region,37076584,,34496.9212913466,439.738461342609,0.10788480405854,,91937336,1188067,1196,13,27066.2135197862,349.765138918228,0.35210060219348,0.00382718045862478,23415162,351935,390,0,30752.4316996993,462.215766443712,0.512208643394513,0
Mozambique,2024-04-07,233772,,2252,,Low income,African Region,32077072,,7287.82228003853,70.2059090680097,,,1940335,43508,383,0,2701.45673262994,60.5745809477556,0.53323674963203,0,9038879,174397,94,0,7774.32319256416,149.998538736232,0.0808492270004977,0
Myanmar (Burma),2024-04-07,641990,39,19494,,Lower middle income,South-East Asia Region,53798084,,11933.3246143115,362.354912119175,0.724932880509276,,91937336,1188067,1196,13,27066.2135197862,349.765138918228,0.35210060219348,0.00382718045862478,61275481,808599,1649,16,29796.3990229396,393.197051420126,0.801858446265439,0.00778031239554095
Namibia,2024-04-07,172399,,4106,,Upper middle income,African Region,2530151,,68137.8305089301,1622.8280446503,,,251562960,2823786,22995,75,99831.9735268151,1120.61063837614,9.12549379785129,0.0297635153224113,9038879,174397,94,0,7774.32319256416,149.998538736232,0.0808492270004977,0
Nauru,2024-04-07,5393,,1,,High income,Western Pacific Region,12511,,431060.66661338,79.9296618975302,,,428639776,2985310,13456,531,344132.652307326,2396.75061854171,10.8031247418517,0.426312369048993,208387789,420736,8469,22,108292.275835348,218.642652645357,4.4010605825352,0.0114326759730516
Nepal,2024-04-07,1003450,,12031,,Lower middle income,South-East Asia Region,30034989,,33409.3679874496,400.566153029056,,,91937336,1188067,1196,13,27066.2135197862,349.765138918228,0.35210060219348,0.00382718045862478,61275481,808599,1649,16,29796.3990229396,393.197051420126,0.801858446265439,0.00778031239554095
Netherlands,2024-04-07,8635962,61,22986,,High income,European Region,17501696,,493435.72188661,1313.35843109148,3.48537650294006,,428639776,2985310,13456,531,344132.652307326,2396.75061854171,10.8031247418517,0.426312369048993,279053878,2270982,24641,97,299797.180705882,2439.79408533361,26.4726739607383,0.104210436840697
New Caledonia,2024-04-07,80064,,314,,High income,Western Pacific Region,287800,,278193.18971508,1091.03544127867,,,428639776,2985310,13456,531,344132.652307326,2396.75061854171,10.8031247418517,0.426312369048993,208387789,420736,8469,22,108292.275835348,218.642652645357,4.4010605825352,0.0114326759730516
New Zealand,2024-04-07,2577157,3185,3923,7,High income,Western Pacific Region,5129727,,502396.521296358,764.758046578307,620.890741359141,1.36459503595416,428639776,2985310,13456,531,344132.652307326,2396.75061854171,10.8031247418517,0.426312369048993,208387789,420736,8469,22,108292.275835348,218.642652645357,4.4010605825352,0.0114326759730516
Nicaragua,2024-04-07,16138,1,245,,Lower middle income,Region of the Americas,6850540,,2355.72670183664,35.763604037054,0.145973894028792,,91937336,1188067,1196,13,27066.2135197862,349.765138918228,0.35210060219348,0.00382718045862478,192811541,3013702,2787,484,187879.043684193,2936.60559307048,2.71570307478557,0.471618330892077
Niger,2024-04-07,9515,,315,,Low income,African Region,25252722,,376.791064345459,12.4739028133284,,,1940335,43508,383,0,2701.45673262994,60.5745809477556,0.53323674963203,0,9038879,174397,94,0,7774.32319256416,149.998538736232,0.0808492270004977,0
Nigeria,2024-04-07,267188,,3155,,Lower middle income,African Region,213401323,,1252.04472139097,14.78435070433,,,91937336,1188067,1196,13,27066.2135197862,349.765138918228,0.35210060219348,0.00382718045862478,9038879,174397,94,0,7774.32319256416,149.998538736232,0.0808492270004977,0
Niue,2024-04-07,1059,,0,,,Western Pacific Region,1937,,546721.734641198,0,,,1213223,3966,0,0,,,,,208387789,420736,8469,22,108292.275835348,218.642652645357,4.4010605825352,0.0114326759730516
North Macedonia,2024-04-07,350580,1,9977,,Upper middle income,European Region,2103330,,166678.552580907,4743.43065519914,0.475436569630063,,251562960,2823786,22995,75,99831.9735268151,1120.61063837614,9.12549379785129,0.0297635153224113,279053878,2270982,24641,97,299797.180705882,2439.79408533361,26.4726739607383,0.104210436840697
Northern Mariana Islands,2024-04-07,14594,,41,,High income,Western Pacific Region,49481,,294941.492694165,828.600877104343,,,428639776,2985310,13456,531,344132.652307326,2396.75061854171,10.8031247418517,0.426312369048993,208387789,420736,8469,22,108292.275835348,218.642652645357,4.4010605825352,0.0114326759730516
Norway,2024-04-07,1507269,73,5732,,High income,European Region,5403021,,278967.821890753,1060.88797359847,13.5109598870706,,428639776,2985310,13456,531,344132.652307326,2396.75061854171,10.8031247418517,0.426312369048993,279053878,2270982,24641,97,299797.180705882,2439.79408533361,26.4726739607383,0.104210436840697
Palestinian Territories,2024-04-07,703228,,5708,,Upper middle income,Eastern Mediterranean Region,5133392,,136990.90192216,1111.93534411555,,,251562960,2823786,22995,75,99831.9735268151,1120.61063837614,9.12549379785129,0.0297635153224113,23415162,351935,390,0,30752.4316996993,462.215766443712,0.512208643394513,0
Oman,2024-04-07,399449,,4628,,High income,Eastern Mediterranean Region,4520471,,88364.4646763579,1023.78712306749,,,428639776,2985310,13456,531,344132.652307326,2396.75061854171,10.8031247418517,0.426312369048993,23415162,351935,390,0,30752.4316996993,462.215766443712,0.512208643394513,0
Pakistan,2024-04-07,1580631,,30656,,Lower middle income,Eastern Mediterranean Region,231402117,,6830.66784561872,132.479341146218,,,91937336,1188067,1196,13,27066.2135197862,349.765138918228,0.35210060219348,0.00382718045862478,23415162,351935,390,0,30752.4316996993,462.215766443712,0.512208643394513,0
Palau,2024-04-07,6290,,10,,Upper middle income,Western Pacific Region,18024,,348979.138925877,554.815801154017,,,251562960,2823786,22995,75,99831.9735268151,1120.61063837614,9.12549379785129,0.0297635153224113,208387789,420736,8469,22,108292.275835348,218.642652645357,4.4010605825352,0.0114326759730516
Panama,2024-04-07,1044310,3,8703,,High income,Region of the Americas,4351267,,240001.360523268,2000.10709524375,0.689454358925803,,428639776,2985310,13456,531,344132.652307326,2396.75061854171,10.8031247418517,0.426312369048993,192811541,3013702,2787,484,187879.043684193,2936.60559307048,2.71570307478557,0.471618330892077
Papua New Guinea,2024-04-07,46864,,670,,Lower middle income,Western Pacific Region,9949437,,4710.21626650835,67.3404937384899,,,91937336,1188067,1196,13,27066.2135197862,349.765138918228,0.35210060219348,0.00382718045862478,208387789,420736,8469,22,108292.275835348,218.642652645357,4.4010605825352,0.0114326759730516
Paraguay,2024-04-07,735759,,19880,,Upper middle income,Region of the Americas,6703799,,109752.54478841,2965.48270614916,,,251562960,2823786,22995,75,99831.9735268151,1120.61063837614,9.12549379785129,0.0297635153224113,192811541,3013702,2787,484,187879.043684193,2936.60559307048,2.71570307478557,0.471618330892077
Peru,2024-04-07,4524748,,220831,,Upper middle income,Region of the Americas,33715471,,134203.908941388,6549.84176255465,,,251562960,2823786,22995,75,99831.9735268151,1120.61063837614,9.12549379785129,0.0297635153224113,192811541,3013702,2787,484,187879.043684193,2936.60559307048,2.71570307478557,0.471618330892077
Philippines,2024-04-07,4140383,,66864,,Lower middle income,Western Pacific Region,113880328,,36357.3153740829,587.142671383946,,,91937336,1188067,1196,13,27066.2135197862,349.765138918228,0.35210060219348,0.00382718045862478,208387789,420736,8469,22,108292.275835348,218.642652645357,4.4010605825352,0.0114326759730516
Pitcairn Islands,2024-04-07,4,,0,,,,,,,,,,1213223,3966,0,0,,,,,1310900,4286,0,0,,,,
Poland,2024-04-07,6662190,171,120707,1,High income,European Region,38307726,,173912.437402314,3150.98317242846,4.46385149564869,0.0261043947113958,428639776,2985310,13456,531,344132.652307326,2396.75061854171,10.8031247418517,0.426312369048993,279053878,2270982,24641,97,299797.180705882,2439.79408533361,26.4726739607383,0.104210436840697
Portugal,2024-04-07,5643184,64,28132,4,High income,European Region,10290103,,548408.893477548,2733.88905825335,6.21956845329925,0.388723028331203,428639776,2985310,13456,531,344132.652307326,2396.75061854171,10.8031247418517,0.426312369048993,279053878,2270982,24641,97,299797.180705882,2439.79408533361,26.4726739607383,0.104210436840697
Puerto Rico,2024-04-07,1252713,,5938,,High income,Region of the Americas,3256028,,384736.55631954,1823.69439083448,,,428639776,2985310,13456,531,344132.652307326,2396.75061854171,10.8031247418517,0.426312369048993,192811541,3013702,2787,484,187879.043684193,2936.60559307048,2.71570307478557,0.471618330892077
Qatar,2024-04-07,514524,,690,,High income,Eastern Mediterranean Region,2688235,,191398.445448408,256.673988695185,,,428639776,2985310,13456,531,344132.652307326,2396.75061854171,10.8031247418517,0.426312369048993,23415162,351935,390,0,30752.4316996993,462.215766443712,0.512208643394513,0
South Korea,2024-04-07,34571873,,35934,,High income,Western Pacific Region,51830139,,667022.579275738,693.303176362309,,,428639776,2985310,13456,531,344132.652307326,2396.75061854171,10.8031247418517,0.426312369048993,208387789,420736,8469,22,108292.275835348,218.642652645357,4.4010605825352,0.0114326759730516
Moldova,2024-04-07,635459,70,12233,2,Upper middle income,European Region,3061506,,207564.185730814,3995.74588454179,22.8645640413574,0.653273258324498,251562960,2823786,22995,75,99831.9735268151,1120.61063837614,9.12549379785129,0.0297635153224113,279053878,2270982,24641,97,299797.180705882,2439.79408533361,26.4726739607383,0.104210436840697
Réunion,2024-04-07,494595,,921,,,,966129,,511934.741633881,953.288846520496,,,1213223,3966,0,0,,,,,1310900,4286,0,0,,,,
Romania,2024-04-07,3526592,253,68710,2,High income,European Region,19328560,,182454.978539529,3554.84319576834,13.0894386338144,0.103473823192209,428639776,2985310,13456,531,344132.652307326,2396.75061854171,10.8031247418517,0.426312369048993,279053878,2270982,24641,97,299797.180705882,2439.79408533361,26.4726739607383,0.104210436840697
Russia,2024-04-07,24098232,19954,402589,69,Upper middle income,European Region,145102755,,166077.012114622,2774.50969142522,137.516341436798,0.475525085653956,251562960,2823786,22995,75,99831.9735268151,1120.61063837614,9.12549379785129,0.0297635153224113,279053878,2270982,24641,97,299797.180705882,2439.79408533361,26.4726739607383,0.104210436840697
Rwanda,2024-04-07,133221,1,1468,,Low income,African Region,13461888,,9896.16018198933,109.048597046714,0.0742837854541651,,1940335,43508,383,0,2701.45673262994,60.5745809477556,0.53323674963203,0,9038879,174397,94,0,7774.32319256416,149.998538736232,0.0808492270004977,0
St. Barthélemy,2024-04-07,5507,,5,,,,10861,,507043.55031765,460.362765859497,,,1213223,3966,0,0,,,,,1310900,4286,0,0,,,,
St. Helena,2024-04-07,2166,,0,,,,5404,,400814.211695041,0,,,1213223,3966,0,0,,,,,1310900,4286,0,0,,,,
St. Kitts & Nevis,2024-04-07,6607,,46,,High income,Region of the Americas,47606,,138785.027097425,966.264756543293,,,428639776,2985310,13456,531,344132.652307326,2396.75061854171,10.8031247418517,0.426312369048993,192811541,3013702,2787,484,187879.043684193,2936.60559307048,2.71570307478557,0.471618330892077
St. Lucia,2024-04-07,30252,,410,,Upper middle income,Region of the Americas,179651,,168393.162298011,2282.2027152646,,,251562960,2823786,22995,75,99831.9735268151,1120.61063837614,9.12549379785129,0.0297635153224113,192811541,3013702,2787,484,187879.043684193,2936.60559307048,2.71570307478557,0.471618330892077
Saint Martin (French part),2024-04-07,12324,,46,,High income,,31948,,385751.84675097,1439.83973957681,,,428639776,2985310,13456,531,344132.652307326,2396.75061854171,10.8031247418517,0.426312369048993,1310900,4286,0,0,,,,
St. Pierre & Miquelon,2024-04-07,3426,,2,,,,5883,,582355.940846507,339.962604113548,,,1213223,3966,0,0,,,,,1310900,4286,0,0,,,,
St. Vincent & Grenadines,2024-04-07,9674,,124,,Upper middle income,Region of the Americas,104332,,92723.2296898363,1188.513591228,,,251562960,2823786,22995,75,99831.9735268151,1120.61063837614,9.12549379785129,0.0297635153224113,192811541,3013702,2787,484,187879.043684193,2936.60559307048,2.71570307478557,0.471618330892077
Samoa,2024-04-07,17057,,31,,Lower middle income,Western Pacific Region,218764,,77969.8670713646,141.705216580425,,,91937336,1188067,1196,13,27066.2135197862,349.765138918228,0.35210060219348,0.00382718045862478,208387789,420736,8469,22,108292.275835348,218.642652645357,4.4010605825352,0.0114326759730516
San Marino,2024-04-07,25292,,126,,High income,European Region,33745,,749503.630167432,3733.88650170396,,,428639776,2985310,13456,531,344132.652307326,2396.75061854171,10.8031247418517,0.426312369048993,279053878,2270982,24641,97,299797.180705882,2439.79408533361,26.4726739607383,0.104210436840697
São Tomé & Príncipe,2024-04-07,6749,,80,,Lower middle income,African Region,223107,,30250.0593885445,358.572344211522,,,91937336,1188067,1196,13,27066.2135197862,349.765138918228,0.35210060219348,0.00382718045862478,9038879,174397,94,0,7774.32319256416,149.998538736232,0.0808492270004977,0
Saudi Arabia,2024-04-07,841469,,9646,,High income,Eastern Mediterranean Region,35950396,,23406.390294004,268.314151532573,,,428639776,2985310,13456,531,344132.652307326,2396.75061854171,10.8031247418517,0.426312369048993,23415162,351935,390,0,30752.4316996993,462.215766443712,0.512208643394513,0
Senegal,2024-04-07,89067,,1971,,Lower middle income,African Region,16876720,,5277.50652970482,116.788096265151,,,91937336,1188067,1196,13,27066.2135197862,349.765138918228,0.35210060219348,0.00382718045862478,9038879,174397,94,0,7774.32319256416,149.998538736232,0.0808492270004977,0
Serbia,2024-04-07,2583470,,18057,,Upper middle income,European Region,7296769,,354056.706468301,2474.65693377439,,,251562960,2823786,22995,75,99831.9735268151,1120.61063837614,9.12549379785129,0.0297635153224113,279053878,2270982,24641,97,299797.180705882,2439.79408533361,26.4726739607383,0.104210436840697
Seychelles,2024-04-07,51679,7,172,,High income,African Region,106471,,485380.995764105,1615.46336561129,65.7456020888317,,428639776,2985310,13456,531,344132.652307326,2396.75061854171,10.8031247418517,0.426312369048993,9038879,174397,94,0,7774.32319256416,149.998538736232,0.0808492270004977,0
Sierra Leone,2024-04-07,7794,,125,,Low income,African Region,8420641,,925.582743641488,14.8444756165237,,,1940335,43508,383,0,2701.45673262994,60.5745809477556,0.53323674963203,0,9038879,174397,94,0,7774.32319256416,149.998538736232,0.0808492270004977,0
Singapore,2024-04-07,3006155,,2024,,High income,Western Pacific Region,5941060,,505996.404681993,340.679946002902,,,428639776,2985310,13456,531,344132.652307326,2396.75061854171,10.8031247418517,0.426312369048993,208387789,420736,8469,22,108292.275835348,218.642652645357,4.4010605825352,0.0114326759730516
Sint Maarten,2024-04-07,11051,,92,,High income,Region of the Americas,44042,,250919.576767631,2088.91512647019,,,428639776,2985310,13456,531,344132.652307326,2396.75061854171,10.8031247418517,0.426312369048993,192811541,3013702,2787,484,187879.043684193,2936.60559307048,2.71570307478557,0.471618330892077
Slovakia,2024-04-07,1877706,12,21225,,High income,European Region,5447622,,344683.606902241,3896.1954408731,2.20279600897419,,428639776,2985310,13456,531,344132.652307326,2396.75061854171,10.8031247418517,0.426312369048993,279053878,2270982,24641,97,299797.180705882,2439.79408533361,26.4726739607383,0.104210436840697
Slovenia,2024-04-07,1355857,13,10051,2,High income,European Region,2119410,,639733.227643542,4742.35754290109,6.1337825149452,0.943658848453107,428639776,2985310,13456,531,344132.652307326,2396.75061854171,10.8031247418517,0.426312369048993,279053878,2270982,24641,97,299797.180705882,2439.79408533361,26.4726739607383,0.104210436840697
Solomon Islands,2024-04-07,25954,,199,,Lower middle income,Western Pacific Region,707851,,36665.9085033432,281.132611241631,,,91937336,1188067,1196,13,27066.2135197862,349.765138918228,0.35210060219348,0.00382718045862478,208387789,420736,8469,22,108292.275835348,218.642652645357,4.4010605825352,0.0114326759730516
Somalia,2024-04-07,27334,,1361,,Low income,Eastern Mediterranean Region,17065581,,1601.70345211218,79.7511669834154,,,1940335,43508,383,0,2701.45673262994,60.5745809477556,0.53323674963203,0,23415162,351935,390,0,30752.4316996993,462.215766443712,0.512208643394513,0
South Africa,2024-04-07,4072652,4,102595,,Upper middle income,African Region,59392255,,68572.1059084219,1727.41378484451,0.0673488487682443,,251562960,2823786,22995,75,99831.9735268151,1120.61063837614,9.12549379785129,0.0297635153224113,9038879,174397,94,0,7774.32319256416,149.998538736232,0.0808492270004977,0
South Sudan,2024-04-07,18823,3,147,,Low income,African Region,10748272,,1751.2582487678,13.6766170413253,0.279114633496436,,1940335,43508,383,0,2701.45673262994,60.5745809477556,0.53323674963203,0,9038879,174397,94,0,7774.32319256416,149.998538736232,0.0808492270004977,0
Spain,2024-04-07,13980340,,121852,,High income,European Region,47486935,,294403.923942449,2566.0110512502,,,428639776,2985310,13456,531,344132.652307326,2396.75061854171,10.8031247418517,0.426312369048993,279053878,2270982,24641,97,299797.180705882,2439.79408533361,26.4726739607383,0.104210436840697
Sri Lanka,2024-04-07,672754,,16899,,Lower middle income,South-East Asia Region,21773441,,30897.9182481997,776.129046391886,,,91937336,1188067,1196,13,27066.2135197862,349.765138918228,0.35210060219348,0.00382718045862478,61275481,808599,1649,16,29796.3990229396,393.197051420126,0.801858446265439,0.00778031239554095
Sudan,2024-04-07,63993,,5046,,Low income,Eastern Mediterranean Region,45657202,,1401.59705800631,110.51925608582,,,1940335,43508,383,0,2701.45673262994,60.5745809477556,0.53323674963203,0,23415162,351935,390,0,30752.4316996993,462.215766443712,0.512208643394513,0
Suriname,2024-04-07,82496,,1405,,Upper middle income,Region of the Americas,612985,,134580.780932649,2292.06261164629,,,251562960,2823786,22995,75,99831.9735268151,1120.61063837614,9.12549379785129,0.0297635153224113,192811541,3013702,2787,484,187879.043684193,2936.60559307048,2.71570307478557,0.471618330892077
Sweden,2024-04-07,2751512,72,27265,8,High income,European Region,10467097,,262872.50419099,2604.82920909207,6.87869807645807,0.764299786273119,428639776,2985310,13456,531,344132.652307326,2396.75061854171,10.8031247418517,0.426312369048993,279053878,2270982,24641,97,299797.180705882,2439.79408533361,26.4726739607383,0.104210436840697
Switzerland,2024-04-07,4453293,102,14188,,High income,European Region,8691406,,512378.89473809,1632.41712560661,11.7357306746457,,428639776,2985310,13456,531,344132.652307326,2396.75061854171,10.8031247418517,0.426312369048993,279053878,2270982,24641,97,299797.180705882,2439.79408533361,26.4726739607383,0.104210436840697
Syria,2024-04-07,57423,,3163,,Low income,Eastern Mediterranean Region,21324367,,2692.83491509971,148.327966780913,,,1940335,43508,383,0,2701.45673262994,60.5745809477556,0.53323674963203,0,23415162,351935,390,0,30752.4316996993,462.215766443712,0.512208643394513,0
Tajikistan,2024-04-07,17786,,125,,Lower middle income,European Region,9750064,,1824.19315401417,12.8204286659041,,,91937336,1188067,1196,13,27066.2135197862,349.765138918228,0.35210060219348,0.00382718045862478,279053878,2270982,24641,97,299797.180705882,2439.79408533361,26.4726739607383,0.104210436840697
Thailand,2024-04-07,4770779,774,34586,3,Upper middle income,South-East Asia Region,71601103,,66629.9651836369,483.037251535078,10.8098893392746,0.0418987958886611,251562960,2823786,22995,75,99831.9735268151,1120.61063837614,9.12549379785129,0.0297635153224113,61275481,808599,1649,16,29796.3990229396,393.197051420126,0.801858446265439,0.00778031239554095
United Kingdom,2024-04-07,24917163,1517,232112,,High income,European Region,67281039,,370344.503746442,3449.88727061721,22.5472142307434,,428639776,2985310,13456,531,344132.652307326,2396.75061854171,10.8031247418517,0.426312369048993,279053878,2270982,24641,97,299797.180705882,2439.79408533361,26.4726739607383,0.104210436840697
Timor-Leste,2024-04-07,23460,,138,,Lower middle income,South-East Asia Region,1320942,,17760.0530530485,104.47090031205,,,91937336,1188067,1196,13,27066.2135197862,349.765138918228,0.35210060219348,0.00382718045862478,61275481,808599,1649,16,29796.3990229396,393.197051420126,0.801858446265439,0.00778031239554095
Togo,2024-04-07,39529,1,290,,Low income,African Region,8644829,,4572.56008187091,33.5460655150033,0.11567608798277,,1940335,43508,383,0,2701.45673262994,60.5745809477556,0.53323674963203,0,9038879,174397,94,0,7774.32319256416,149.998538736232,0.0808492270004977,0
Tokelau,2024-04-07,80,,0,,,Western Pacific Region,1849,,43266.6306111412,0,,,1213223,3966,0,0,,,,,208387789,420736,8469,22,108292.275835348,218.642652645357,4.4010605825352,0.0114326759730516
Tonga,2024-04-07,16958,,12,,Upper middle income,Western Pacific Region,106017,,159955.4788383,113.189394153768,,,251562960,2823786,22995,75,99831.9735268151,1120.61063837614,9.12549379785129,0.0297635153224113,208387789,420736,8469,22,108292.275835348,218.642652645357,4.4010605825352,0.0114326759730516
Trinidad & Tobago,2024-04-07,191496,,4390,,High income,Region of the Americas,1525663,,125516.578693984,2877.43754682391,,,428639776,2985310,13456,531,344132.652307326,2396.75061854171,10.8031247418517,0.426312369048993,192811541,3013702,2787,484,187879.043684193,2936.60559307048,2.71570307478557,0.471618330892077
Tunisia,2024-04-07,1153361,,29423,,Lower middle income,Eastern Mediterranean Region,12262946,,94052.5221264124,2399.34188734094,,,91937336,1188067,1196,13,27066.2135197862,349.765138918228,0.35210060219348,0.00382718045862478,23415162,351935,390,0,30752.4316996993,462.215766443712,0.512208643394513,0
Turkey,2024-04-07,17004714,,101419,,Upper middle income,European Region,84775404,,200585.466982853,1196.32576448707,,,251562960,2823786,22995,75,99831.9735268151,1120.61063837614,9.12549379785129,0.0297635153224113,279053878,2270982,24641,97,299797.180705882,2439.79408533361,26.4726739607383,0.104210436840697
Turkmenistan,2024-04-07,0,,0,,Upper middle income,European Region,6341855,,0,0,,,251562960,2823786,22995,75,99831.9735268151,1120.61063837614,9.12549379785129,0.0297635153224113,279053878,2270982,24641,97,299797.180705882,2439.79408533361,26.4726739607383,0.104210436840697
Turks & Caicos Islands,2024-04-07,6754,,40,,High income,Region of the Americas,45114,,149709.624506805,886.642727313029,,,428639776,2985310,13456,531,344132.652307326,2396.75061854171,10.8031247418517,0.426312369048993,192811541,3013702,2787,484,187879.043684193,2936.60559307048,2.71570307478557,0.471618330892077
Tuvalu,2024-04-07,2943,,1,,Upper middle income,Western Pacific Region,11204,,262674.044983934,89.2538379150304,,,251562960,2823786,22995,75,99831.9735268151,1120.61063837614,9.12549379785129,0.0297635153224113,208387789,420736,8469,22,108292.275835348,218.642652645357,4.4010605825352,0.0114326759730516
Uganda,2024-04-07,172149,,3632,,Low income,African Region,45853778,,3754.3035167135,79.208304275386,,,1940335,43508,383,0,2701.45673262994,60.5745809477556,0.53323674963203,0,9038879,174397,94,0,7774.32319256416,149.998538736232,0.0808492270004977,0
Ukraine,2024-04-07,5533069,237,109920,,Lower middle income,European Region,43531422,,127105.174740214,2525.0725786077,5.44434316894128,,91937336,1188067,1196,13,27066.2135197862,349.765138918228,0.35210060219348,0.00382718045862478,279053878,2270982,24641,97,299797.180705882,2439.79408533361,26.4726739607383,0.104210436840697
United Arab Emirates,2024-04-07,1067030,,2349,,High income,Eastern Mediterranean Region,9365145,,113936.303175231,250.823665837528,,,428639776,2985310,13456,531,344132.652307326,2396.75061854171,10.8031247418517,0.426312369048993,23415162,351935,390,0,30752.4316996993,462.215766443712,0.512208643394513,0
Tanzania,2024-04-07,43225,1,846,,Lower middle income,African Region,63588334,,679.763052134689,13.3043271742266,0.0157261550522774,,91937336,1188067,1196,13,27066.2135197862,349.765138918228,0.35210060219348,0.00382718045862478,9038879,174397,94,0,7774.32319256416,149.998538736232,0.0808492270004977,0
United States,2024-04-07,103436829,,1184883,457,High income,Region of the Americas,336997624,,306936.374720553,3515.99808312002,,1.35609264711018,428639776,2985310,13456,531,344132.652307326,2396.75061854171,10.8031247418517,0.426312369048993,192811541,3013702,2787,484,187879.043684193,2936.60559307048,2.71570307478557,0.471618330892077
U.S. Virgin Islands,2024-04-07,25389,,132,,High income,Region of the Americas,100091,,253659.170155159,1318.79989209819,,,428639776,2985310,13456,531,344132.652307326,2396.75061854171,10.8031247418517,0.426312369048993,192811541,3013702,2787,484,187879.043684193,2936.60559307048,2.71570307478557,0.471618330892077
Uruguay,2024-04-07,1037893,,7625,,High income,Region of the Americas,3426260,,302923.012264101,2225.45866338223,,,428639776,2985310,13456,531,344132.652307326,2396.75061854171,10.8031247418517,0.426312369048993,192811541,3013702,2787,484,187879.043684193,2936.60559307048,2.71570307478557,0.471618330892077
Uzbekistan,2024-04-07,175081,,1016,,Lower middle income,European Region,34081449,,5137.13486771058,29.8109390830185,,,91937336,1188067,1196,13,27066.2135197862,349.765138918228,0.35210060219348,0.00382718045862478,279053878,2270982,24641,97,299797.180705882,2439.79408533361,26.4726739607383,0.104210436840697
Vanuatu,2024-04-07,12019,,14,,Lower middle income,Western Pacific Region,319137,,37660.9418525586,43.8683073413612,,,91937336,1188067,1196,13,27066.2135197862,349.765138918228,0.35210060219348,0.00382718045862478,208387789,420736,8469,22,108292.275835348,218.642652645357,4.4010605825352,0.0114326759730516
Venezuela,2024-04-07,552695,,5856,,Upper middle income,Region of the Americas,28199867,,19599.2059111484,207.660553860059,,,251562960,2823786,22995,75,99831.9735268151,1120.61063837614,9.12549379785129,0.0297635153224113,192811541,3013702,2787,484,187879.043684193,2936.60559307048,2.71570307478557,0.471618330892077
Vietnam,2024-04-07,11624000,,43206,,Lower middle income,Western Pacific Region,97468029,,119259.618966954,443.283817712165,,,91937336,1188067,1196,13,27066.2135197862,349.765138918228,0.35210060219348,0.00382718045862478,208387789,420736,8469,22,108292.275835348,218.642652645357,4.4010605825352,0.0114326759730516
Wallis & Futuna,2024-04-07,3760,,9,,,Western Pacific Region,11627,,323385.224047476,774.060376709383,,,1213223,3966,0,0,,,,,208387789,420736,8469,22,108292.275835348,218.642652645357,4.4010605825352,0.0114326759730516
Yemen,2024-04-07,11945,,2159,,Low income,Eastern Mediterranean Region,32981641,,362.171184872214,65.4606603716292,,,1940335,43508,383,0,2701.45673262994,60.5745809477556,0.53323674963203,0,23415162,351935,390,0,30752.4316996993,462.215766443712,0.512208643394513,0
Zambia,2024-04-07,349589,31,4069,,Lower middle income,African Region,19473125,,17952.383092082,208.95464903553,1.5919376063164,,91937336,1188067,1196,13,27066.2135197862,349.765138918228,0.35210060219348,0.00382718045862478,9038879,174397,94,0,7774.32319256416,149.998538736232,0.0808492270004977,0
Zimbabwe,2024-04-07,266359,,5740,,Lower middle income,African Region,15993524,,16654.1782786583,358.895262857642,,,91937336,1188067,1196,13,27066.2135197862,349.765138918228,0.35210060219348,0.00382718045862478,9038879,174397,94,0,7774.32319256416,149.998538736232,0.0808492270004977,0
